{
    "calibration_date": "2024-01-22 18:18:44.353974",
    "img_size": [
        1600,
        1200
    ],
    "camera_matrix": [
        [
            901.3367930985534,
            0.0,
            822.717379140378
        ],
        [
            0.0,
            901.5195907828152,
            675.8050625789053
        ],
        [
            0.0,
            0.0,
            1.0
        ]
    ],
    "distortion_coefficients": [
        [
            0.05960330202109653,
            -0.09612051607086819,
            0.0007696302060743955,
            0.00042070591382196526,
            0.029599526003032308
        ]
    ],
    "avg_reprojection_error": 1.067012825918215
}