{
    "calibration_date": "2024-03-06 16:07:34.507835",
    "img_size": [
        1600,
        1200
    ],
    "camera_matrix": [
        [
            898.3467608114944,
            0.0,
            825.2573627555043
        ],
        [
            0.0,
            897.4754540374277,
            678.4900529613402
        ],
        [
            0.0,
            0.0,
            1.0
        ]
    ],
    "distortion_coefficients": [
        [
            0.05390289721861243,
            -0.08832403873948859,
            0.001183015509082794,
            0.0008106121053831852,
            0.02692276455605456
        ]
    ],
    "avg_reprojection_error": 0.5894797195235486
}