{
    "calibration_date": "2024-01-22 18:34:36.097390",
    "img_size": [
        1600,
        1200
    ],
    "camera_matrix": [
        [
            901.2861498774637,
            0.0,
            798.0293939292854
        ],
        [
            0.0,
            900.3195074725431,
            655.7387859516865
        ],
        [
            0.0,
            0.0,
            1.0
        ]
    ],
    "distortion_coefficients": [
        [
            0.050359142354425526,
            -0.07910817553417628,
            -0.0002860409130089897,
            -0.001153306381299661,
            0.018970738082692836
        ]
    ],
    "avg_reprojection_error": 0.9326088548559051
}