{
    "calibration_date": "2024-03-06 16:27:50.307574",
    "img_size": [
        1600,
        1200
    ],
    "camera_matrix": [
        [
            912.7022844922027,
            0.0,
            806.2901113030684
        ],
        [
            0.0,
            911.4735741873279,
            566.3821886940359
        ],
        [
            0.0,
            0.0,
            1.0
        ]
    ],
    "distortion_coefficients": [
        [
            0.04809197972522086,
            -0.07637058951916834,
            0.000882642480552004,
            0.0007792118404645144,
            0.020316600730840118
        ]
    ],
    "avg_reprojection_error": 0.692688198227024
}