{
    "calibration_date": "2024-03-06 16:12:11.191445",
    "img_size": [
        1600,
        1200
    ],
    "camera_matrix": [
        [
            904.4942601216576,
            0.0,
            799.1265937303356
        ],
        [
            0.0,
            902.5922150379839,
            665.5633531884381
        ],
        [
            0.0,
            0.0,
            1.0
        ]
    ],
    "distortion_coefficients": [
        [
            0.045415610180403944,
            -0.0749358714432881,
            0.0016293046294327187,
            0.0004968251608161278,
            0.020801105466873353
        ]
    ],
    "avg_reprojection_error": 0.7733896962191615
}