{
    "calibration_date": "2024-01-22 18:40:39.563450",
    "img_size": [
        1600,
        1200
    ],
    "camera_matrix": [
        [
            906.2906359517016,
            0.0,
            829.4575348736001
        ],
        [
            0.0,
            905.1018340743684,
            674.5045928005196
        ],
        [
            0.0,
            0.0,
            1.0
        ]
    ],
    "distortion_coefficients": [
        [
            0.049404763971715386,
            -0.07876093092494847,
            3.38151549406752e-05,
            0.0004801161129447016,
            0.020385107685718554
        ]
    ],
    "avg_reprojection_error": 1.0914269665593008
}