{
    "calibration_date": "2024-03-06 16:16:24.005244",
    "img_size": [
        1600,
        1200
    ],
    "camera_matrix": [
        [
            899.9261999993802,
            0.0,
            819.8954684347792
        ],
        [
            0.0,
            897.4093140239552,
            657.6089199520613
        ],
        [
            0.0,
            0.0,
            1.0
        ]
    ],
    "distortion_coefficients": [
        [
            0.04508494249737136,
            -0.0703592226551732,
            6.247966970904067e-05,
            0.0018037824009767861,
            0.018470843391938843
        ]
    ],
    "avg_reprojection_error": 1.2696334754710703
}