{
    "calibration_date": "2024-01-22 18:46:43.129094",
    "img_size": [
        1600,
        1200
    ],
    "camera_matrix": [
        [
            901.9412001571661,
            0.0,
            815.4998977980326
        ],
        [
            0.0,
            900.3866099476977,
            645.245714335824
        ],
        [
            0.0,
            0.0,
            1.0
        ]
    ],
    "distortion_coefficients": [
        [
            0.053678402914793685,
            -0.08276732304276613,
            -0.00017093297921319062,
            0.0007679485848859392,
            0.022337420285365794
        ]
    ],
    "avg_reprojection_error": 0.6191220125854158
}