{
    "calibration_date": "2024-03-06 15:29:34.314124",
    "img_size": [
        1600,
        1200
    ],
    "camera_matrix": [
        [
            906.7471799783518,
            0.0,
            878.322142897666
        ],
        [
            0.0,
            905.2088903665425,
            674.4563298191324
        ],
        [
            0.0,
            0.0,
            1.0
        ]
    ],
    "distortion_coefficients": [
        [
            0.052392099743936535,
            -0.08614417841277726,
            -0.00016209380363317553,
            0.0013790538230268811,
            0.026253618713466854
        ]
    ],
    "avg_reprojection_error": 0.5642941377616868
}