{
    "calibration_date": "2024-03-06 15:40:07.562201",
    "img_size": [
        1600,
        1200
    ],
    "camera_matrix": [
        [
            902.6153402103407,
            0.0,
            833.6557512088465
        ],
        [
            0.0,
            900.7458218423124,
            695.6148800996997
        ],
        [
            0.0,
            0.0,
            1.0
        ]
    ],
    "distortion_coefficients": [
        [
            0.0552411619116346,
            -0.09004633002908727,
            -7.570341127026477e-06,
            0.0002218803096875224,
            0.027984677287416344
        ]
    ],
    "avg_reprojection_error": 0.4010485868337233
}