{
    "calibration_date": "2024-04-03 17:41:37.183977",
    "img_size": [
        1600,
        1200
    ],
    "camera_matrix": [
        [
            898.2929347082539,
            0.0,
            871.2433162200074
        ],
        [
            0.0,
            896.142326518556,
            702.2245092275259
        ],
        [
            0.0,
            0.0,
            1.0
        ]
    ],
    "distortion_coefficients": [
        [
            0.055012935840547623,
            -0.09430671880630692,
            0.0004886215427428295,
            0.0008008702444318509,
            0.03007738711584966
        ]
    ],
    "avg_reprojection_error": 1.5857921429221804
}