{
    "calibration_date": "2024-04-03 17:46:55.876590",
    "img_size": [
        1600,
        1200
    ],
    "camera_matrix": [
        [
            909.2206343172817,
            0.0,
            795.8700616690941
        ],
        [
            0.0,
            908.0386306438667,
            643.7430486711061
        ],
        [
            0.0,
            0.0,
            1.0
        ]
    ],
    "distortion_coefficients": [
        [
            0.04988256025406683,
            -0.08360704000041018,
            0.001402344260360717,
            0.0010913059104531615,
            0.02278518550828421
        ]
    ],
    "avg_reprojection_error": 0.7988724457733871
}