{
    "calibration_date": "2024-04-03 17:51:07.203131",
    "img_size": [
        1600,
        1200
    ],
    "camera_matrix": [
        [
            901.5466378737583,
            0.0,
            833.6017470167116
        ],
        [
            0.0,
            899.5926713359798,
            658.0210784730422
        ],
        [
            0.0,
            0.0,
            1.0
        ]
    ],
    "distortion_coefficients": [
        [
            0.04926113602853085,
            -0.0778478579543341,
            0.00044895017118292844,
            0.0005785056068217456,
            0.016892837250069268
        ]
    ],
    "avg_reprojection_error": 0.7709486632986875
}